index,ship_name,region,class_family,role_owner_captain,original_token_file,token_128_file,token_96_file,token_64_file,notes
1,Tideworn,Skeldra,Skeldran Coastal Sloop,Player Flagship,Named_Ship_Tokens/01_Tideworn__Skeldra__Skeldran_Coastal_Sloop__token.png,Named_Ship_Tokens_128px/01_Tideworn__Skeldra__Skeldran_Coastal_Sloop__token_128.png,Named_Ship_Tokens_96px/01_Tideworn__Skeldra__Skeldran_Coastal_Sloop__token_96.png,Named_Ship_Tokens_64px/01_Tideworn__Skeldra__Skeldran_Coastal_Sloop__token_64.png,Derived from approved named ship reference art. Transparent background. Batch order preserved from named ship package.
2,Stormcrow,Skeldra,Skeldran Modern Battle Frigate,Royal Navy / Captain Ingrid Skar,Named_Ship_Tokens/02_Stormcrow__Skeldra__Skeldran_Modern_Battle_Frigate__token.png,Named_Ship_Tokens_128px/02_Stormcrow__Skeldra__Skeldran_Modern_Battle_Frigate__token_128.png,Named_Ship_Tokens_96px/02_Stormcrow__Skeldra__Skeldran_Modern_Battle_Frigate__token_96.png,Named_Ship_Tokens_64px/02_Stormcrow__Skeldra__Skeldran_Modern_Battle_Frigate__token_64.png,Derived from approved named ship reference art. Transparent background. Batch order preserved from named ship package.
3,Providence,Skeldra,Skeldran Armed Merchant,Merchant / Privateer / Captain Henrik Vossar,Named_Ship_Tokens/03_Providence__Skeldra__Skeldran_Armed_Merchant__token.png,Named_Ship_Tokens_128px/03_Providence__Skeldra__Skeldran_Armed_Merchant__token_128.png,Named_Ship_Tokens_96px/03_Providence__Skeldra__Skeldran_Armed_Merchant__token_96.png,Named_Ship_Tokens_64px/03_Providence__Skeldra__Skeldran_Armed_Merchant__token_64.png,Derived from approved named ship reference art. Transparent background. Batch order preserved from named ship package.
4,Ash Gull,Outer Isles,Refitted Coastal Raider,Pirate Raider / Captain Sela Marr,Named_Ship_Tokens/04_Ash_Gull__Outer_Isles__Refitted_Coastal_Raider__token.png,Named_Ship_Tokens_128px/04_Ash_Gull__Outer_Isles__Refitted_Coastal_Raider__token_128.png,Named_Ship_Tokens_96px/04_Ash_Gull__Outer_Isles__Refitted_Coastal_Raider__token_96.png,Named_Ship_Tokens_64px/04_Ash_Gull__Outer_Isles__Refitted_Coastal_Raider__token_64.png,Derived from approved named ship reference art. Transparent background. Batch order preserved from named ship package.
5,Iron Finch,Skeldra,Skeldran Industrial Coaster,Merchant / Odel Braegson,Named_Ship_Tokens/05_Iron_Finch__Skeldra__Skeldran_Industrial_Coaster__token.png,Named_Ship_Tokens_128px/05_Iron_Finch__Skeldra__Skeldran_Industrial_Coaster__token_128.png,Named_Ship_Tokens_96px/05_Iron_Finch__Skeldra__Skeldran_Industrial_Coaster__token_96.png,Named_Ship_Tokens_64px/05_Iron_Finch__Skeldra__Skeldran_Industrial_Coaster__token_64.png,Derived from approved named ship reference art. Transparent background. Batch order preserved from named ship package.
6,Freyra's Grace,Skeldra,Skeldran Fishing Cutter,Fishing Vessel / Astrid Kell,Named_Ship_Tokens/06_Freyras_Grace__Skeldra__Skeldran_Fishing_Cutter__token.png,Named_Ship_Tokens_128px/06_Freyras_Grace__Skeldra__Skeldran_Fishing_Cutter__token_128.png,Named_Ship_Tokens_96px/06_Freyras_Grace__Skeldra__Skeldran_Fishing_Cutter__token_96.png,Named_Ship_Tokens_64px/06_Freyras_Grace__Skeldra__Skeldran_Fishing_Cutter__token_64.png,Derived from approved named ship reference art. Transparent background. Batch order preserved from named ship package.
7,Hearthward,Skeldra,Skeldran Packet,Pilgrim / Letter Packet / Erik Toren,Named_Ship_Tokens/07_Hearthward__Skeldra__Skeldran_Packet__token.png,Named_Ship_Tokens_128px/07_Hearthward__Skeldra__Skeldran_Packet__token_128.png,Named_Ship_Tokens_96px/07_Hearthward__Skeldra__Skeldran_Packet__token_96.png,Named_Ship_Tokens_64px/07_Hearthward__Skeldra__Skeldran_Packet__token_64.png,Derived from approved named ship reference art. Transparent background. Batch order preserved from named ship package.
8,Widow's Mercy,Outer Isles,Class Not Yet Canon-Locked,Mara Voss Flagship,Named_Ship_Tokens/08_Widows_Mercy__Outer_Isles__Class_Not_Yet_Canon-Locked__token.png,Named_Ship_Tokens_128px/08_Widows_Mercy__Outer_Isles__Class_Not_Yet_Canon-Locked__token_128.png,Named_Ship_Tokens_96px/08_Widows_Mercy__Outer_Isles__Class_Not_Yet_Canon-Locked__token_96.png,Named_Ship_Tokens_64px/08_Widows_Mercy__Outer_Isles__Class_Not_Yet_Canon-Locked__token_64.png,Derived from approved named ship reference art. Transparent background. Batch order preserved from named ship package.
9,Gilded Knife,Outer Isles,Class Not Yet Canon-Locked,Isabella Corven,Named_Ship_Tokens/09_Gilded_Knife__Outer_Isles__Class_Not_Yet_Canon-Locked__token.png,Named_Ship_Tokens_128px/09_Gilded_Knife__Outer_Isles__Class_Not_Yet_Canon-Locked__token_128.png,Named_Ship_Tokens_96px/09_Gilded_Knife__Outer_Isles__Class_Not_Yet_Canon-Locked__token_96.png,Named_Ship_Tokens_64px/09_Gilded_Knife__Outer_Isles__Class_Not_Yet_Canon-Locked__token_64.png,Derived from approved named ship reference art. Transparent background. Batch order preserved from named ship package.
